Rainfall,Temperature,Fertilizer Usage,Crop Yield
424.7240713084175,21.851329288386196,152.3411367471812,58.2506128576787
770.4285838459497,25.419009473783582,149.39575981439998,71.56294275815162
639.1963650868431,28.729458358764084,281.25091610420736,88.41101365036567
559.195090518222,27.322248864095613,149.90923996990122,54.41776037866875
293.61118426546193,28.0656114786145,154.3899452257262,57.80202596857811
293.5967122017216,26.587833667107173,251.87965248359274,66.78476921704134
234.85016730091968,26.922765645178526,189.947968490108,52.19347565642908
719.7056874649611,28.491956515653193,255.34211139103624,84.90166045335705
560.6690070459254,22.49668008859186,113.07323151287704,44.00457689743209
624.8435466776273,24.894249636431404,197.51423873467687,71.60069151656882
212.35069657748147,22.212094418196024,106.72272003665653,32.68283497860499
781.9459112971966,29.87668007996647,112.5306406910709,59.3200891743107
699.465584480253,29.440593396866134,281.2874906688822,80.22430708657267
327.40346640696566,20.394268113685058,127.84907422351904,50.07350253296715
309.0949803242604,27.055751725156885,206.48413645504343,56.42355374785712
310.0427059120603,29.25248317415666,182.2191205201413,64.9547047685801
382.54534577572264,21.805753451273336,169.46866525176853,51.12655837429669
514.8538589793427,25.679452305526294,279.96666913745446,69.46003632514292
459.1670111852695,29.15488297588042,104.3646793550979,45.93168993646042
374.73748411882514,20.33945978585799,232.75793723511782,68.28592392157016
567.1117368334277,26.9742026724684,292.6788868427101,81.99133321354134
283.6963163912251,22.973490073725507,212.0336366923684,54.19555572128656
375.2867891211309,29.243961953765304,287.36449240661835,76.4626137273611
419.81710597621503,29.71058245165368,110.45157585720476,53.695683769459244
473.64199053022156,29.44266489113434,183.7586638148323,69.76207220762662
671.1055768358082,24.742142166574638,152.03155819241022,71.73673825170327
319.80426929501584,28.620426509893136,246.16419299614597,65.09021239821298
508.54066304816695,28.4454939853507,296.25941809944936,75.21759719764431
555.4487413172255,23.191004732432557,151.30601248884955,56.761128559859614
227.87024763199864,28.289154741506774,230.8349202948149,62.01494332732068
564.526911140863,20.370076347154928,139.619526551948,50.92725660566663
302.31447421237493,25.96269878482053,213.06605091432198,54.844351302060396
239.0309557911677,22.30008837287703,192.78649733766724,53.57820526377243
769.3313223519999,21.20566885777279,294.4010659263074,87.41355233983754
779.3792198447356,20.769532016292093,221.70545453929333,77.05669116151662
685.0384088698767,26.9628877587814,169.90127441736377,65.27198349916813
382.7682615040224,23.398749637680663,122.81915697758667,46.62085021837846
258.6032684038303,27.247667715287616,130.2493657469869,41.6089705060323
610.5398159072942,20.653563407989424,145.063385990247,63.024230635246404
464.0914962437608,23.152903378306103,150.1933322680596,60.160648390561796
273.2229409068673,25.394912923753374,270.1232115682276,57.45340781457038
497.1061460667621,27.907231648389637,212.24455765650498,63.817714179217965
220.63311266913104,23.1875250293207,204.67818227487328,45.95692059013825
745.5922412472693,26.258913764370092,122.95377437384349,60.77198439255485
355.26798896001014,28.85977748236187,272.027938669887,71.91358699934877
597.5133706123892,26.158631881823045,244.56286064169674,69.03191695135125
387.0266456536466,22.329594747536337,113.53367238000031,41.29957446604114
512.0408127066864,20.24400781556538,241.56701944595375,63.84330325409226
528.0261676059678,28.700988739009297,208.70764346852923,70.6841231149184
310.9126733153162,20.21269410850387,116.34506914935565,42.36260545529957
781.7507766587352,28.747016726841995,191.6601283057313,73.65857258162802
665.0796940166688,25.28937134027212,196.9392574260094,72.20180353942843
763.6993649385134,29.390676985128962,133.15490803265516,65.42221657057986
736.8964102565893,27.987832357736654,289.1396294000565,88.28122468328377
558.7399872866511,29.979341105333376,269.9950742961324,89.2037257505786
753.12454101387,23.5071181545171,233.80446746582166,86.00222791209005
253.0955012311517,27.67188288931127,192.45911220012144,49.097910428213055
317.5897174514871,24.01930913609242,182.35310831690168,58.61680251664606
227.13637334632284,24.79875620303909,230.19469343019082,62.55089544266295
395.1981984579586,26.2750546321837,209.0863738813811,57.194600356072634
433.2063738136892,28.736771141863386,112.45462117637712,55.53239903289647
362.80941906433753,29.840834691992953,202.50052975406635,70.48161663294199
697.2425054911575,27.68273413864518,261.2807234465679,78.07872518859652
414.05199601615357,24.17766782167334,191.8479755193916,55.258362756487564
368.56070581242847,24.213570022770703,110.39131551085369,50.917574907005125
525.6176498949491,27.375823015888916,257.25563987680664,77.39602234098054
284.5545349848576,22.387771457683023,140.27275642719488,48.61313911428096
681.3181884524238,21.104741131313947,151.72416697760775,64.37714334552896
244.7303862078625,23.546221576407767,132.94127068645918,45.81161860176876
792.1321619603103,22.87238991654082,166.04301297429953,63.68281173292642
663.3468615779944,22.963081204559902,251.350301137727,83.25085688962201
319.22940892050343,22.3360775104991,203.87717190078746,62.600348610376585
203.31327027416143,20.42093189636362,140.97625483014252,40.38457445296587
689.2768570729005,20.178739347334137,275.5660156304082,80.79583548680841
624.1144063085703,29.877223897360317,275.91637099030584,76.62282872652628
637.4043008245924,24.277731337358624,274.11568500920134,83.75143736686825
662.7622080115675,23.843266471596817,147.75924227630787,65.84062175343769
244.42679104045422,26.7964728269307,190.24786883619763,54.081180578209676
415.07943712656356,22.182538878650643,296.99793122817505,80.0841572958317
269.5214357150778,29.499611839502254,254.40249526199807,64.97061266670447
717.8620555253561,27.86345014415552,105.43348424511197,64.07060457374236
573.9788760965348,20.894110023122597,113.04091825209841,47.35343710208913
398.5388149115895,24.175807757849284,192.78627536246654,59.24721780117194
238.13501017161417,28.791183075621646,281.844041172312,68.20494513857017
386.58939302939734,29.4473202229141,207.74035959054285,65.41956140371047
395.1099932160482,24.674015112498697,199.56250160685806,58.695549393003056
637.7637070028384,26.134113892107077,121.09473999132612,58.69786463571836
582.5344828131279,21.67033946092075,231.3560209448588,75.13722198801392
732.3276455457959,29.911686261369766,264.42063212004507,84.71939121046937
483.32895509716957,22.316717013834435,176.08400150151246,51.102903133720915
271.75654756298104,29.427317741351256,255.1223701850655,75.54292759611691
627.946872333797,26.496466489923684,292.89533078016234,91.85732479778288
656.4710291701385,26.07736794878859,140.75329182553781,56.556942234381275
536.7663185416977,25.126885110165084,204.66592623894826,70.69521176983517
662.5803079727366,22.306698117177586,157.4275916169151,60.986496078996566
496.27735781863447,21.765280320055084,258.5708838067679,73.0133311524489
513.6396976291965,22.204862090701752,215.51867317623152,67.66742678109111
456.5246110151298,21.864382621442545,226.91648351006074,64.24504753839823
215.25147604645713,27.795844735667533,259.5828319231788,60.30616234380364
264.7348561959827,23.501252591667303,179.19409453249096,48.11655472113203
218.85751141204054,20.578426765633964,283.01801368140866,58.97309899066709
581.8462467582683,29.691026301408115,206.605773449228,67.92022062740757
388.61358864579597,28.83785884963426,131.5909645670696,52.250012090426054
505.14241469882165,29.27752283195213,239.1798236337605,70.07038388663446
744.5398843556558,29.94907822646435,258.6522700876509,89.95914315181558
349.57533748932497,21.738952492194873,163.35233541350533,58.96546608359536
446.2297538213778,23.962420189026588,271.4358513997506,70.04175376938343
653.3306831258292,27.582384757040913,281.2286509531533,86.0639783249076
337.2788992949735,26.960206180537924,155.3808974755618,55.47283985297063
246.1879458972758,21.53895906339855,296.7042945430444,69.6365488099832
373.85087174826083,28.158331249906176,128.14230560975167,51.45015580091733
296.73277235240266,22.244405718366608,140.403133680498,49.98983646898938
757.8185914055439,22.23817614822623,136.84496784760523,66.59363928570157
684.8722277386502,25.369744228934135,278.7979420015741,78.2481148355061
580.042253906254,25.929399348417032,230.85851046499238,77.7338866569956
722.8763541126307,25.80086207837811,130.42085664445457,68.39515409453399
682.2032461394687,20.914868373977548,188.06468367366978,64.23032290012283
311.94203533162147,28.774608626303802,223.0596050139604,63.39107651837921
735.5353990939867,22.65600042588706,116.69281699787666,63.935583733028544
523.6053451493904,21.295149212828044,276.4832736814677,74.1472252879958
684.4640930984375,28.887480798689772,260.720707088307,89.18404850522747
737.6547799540959,29.556514982297536,201.04135471532766,89.2156658679383
390.80208498311833,28.621276172654504,293.4253230518341,72.88871739751762
266.03115471660607,28.09516074724878,183.55219585501993,48.125948999497616
336.76109752516504,26.55241980639022,296.82206380729957,75.44429833396005
456.2646731757538,25.508573706091394,233.58399976072542,72.20114364042453
690.808859553496,20.8698675991141,226.9342546507883,73.0400812700027
716.4383499538061,24.084532130706986,133.190979059157,70.35320345205515
204.17127831871443,23.72688517012314,276.3855516609288,57.16778598534554
506.44838154653945,22.597537837603262,185.49793758412304,65.10574171720005
450.4466018892674,27.23420113688585,132.44668115649586,51.19608282738212
333.26468628243816,24.958757350787707,102.5215039951518,52.280956992079396
271.91922040020967,20.81046215907648,211.9511367276765,65.11829338644634
402.5691028421768,22.201832019498113,205.47992442453528,56.412569050149486
765.7458223475115,26.83258763659596,243.8707244738317,80.5622084673899
393.92175921245314,20.761308594903003,278.05161060356045,74.219336550873
511.27437304601966,28.51206914048769,115.88131692860591,53.00476069647671
621.8113753371067,24.951465270139742,246.29929806807246,76.56117279611779
418.1777614275764,24.80586577326648,137.48238881951644,52.359930346702455
783.0692496325764,25.924077846595175,271.6354106314328,78.02416250698681
777.4683769652668,28.24680965925149,263.81270277233125,87.54953755954007
351.06937749521853,23.47809207902193,208.15875099710888,55.90480412646736
498.34910353543125,26.780161525590636,242.0485597246623,69.8437309034721
380.52698589006184,25.65731963995791,162.8700226367497,62.264134632433745
370.9042966264806,22.670282701694212,194.23357978656293,51.29084398266391
222.1321684127197,28.78629986355158,264.3273795420943,69.87219951969375
565.738600387938,27.974260216069283,191.85303943464277,66.79724140869645
501.6074139373169,26.584518346584254,171.55965306508836,60.350154682727315
230.8872507499936,28.505817290942417,198.84248945006,60.11721330233274
367.1878785419668,28.672942009598025,265.6498504874437,73.4390143933985
744.9595315799922,27.08362976715035,167.04160947417455,73.95786553071372
343.73713440018344,28.37013328363672,134.75231862714875,55.82533644292599
286.93692325473387,26.974714616692836,242.40280406615616,62.366184394211864
493.6716561665378,26.801407717603006,265.1956425416164,72.54587358592703
791.3902724663604,26.186113782151843,120.12749570470666,59.96065089086253
345.23316290690025,27.527166395576412,147.97482255118894,48.39479708640542
603.2813284435272,21.58605105293074,128.39439795219877,71.08751558887298
656.9717691972305,28.808707591989283,169.58828231643332,75.22573557423172
342.5825263954398,28.718435277452322,190.07019578108253,52.68951975841125
636.9298091671158,20.29247283034559,249.7652673926613,68.50517639007332
420.6698796315519,28.258167505647627,230.22951697633482,70.72545354369335
579.3834983561477,21.28869867473445,224.18571349568623,72.31274015032935
580.1178264565368,23.35118854259142,170.47498932193088,65.53109375869276
521.4648104448551,27.43508256291608,268.289510616952,76.28828958031816
254.173862032645,21.60759896048308,194.2574334796329,51.64285757952609
701.1814973535428,28.17967024119062,295.8209876030309,90.96760780010752
392.46803898304154,28.32134177957742,226.82842765914737,67.14525580740687
311.91110623991256,25.074677337608364,125.25294831290054,35.21269103535893
224.46508493285836,20.063858717168337,235.2355124150868,55.15324733700239
554.5357659129451,22.87038133174913,165.0208030863398,56.399747727216685
606.5386171053694,26.16926918375742,237.26543933721948,76.42897918959471
209.95269735671368,29.811861780274235,113.92822963248115,58.300754420322306
507.2558349795686,26.318135270166685,134.97628743519186,58.16496600393305
335.89746511876274,22.598035810641598,271.14745178115726,66.09918942744707
587.1036742456699,26.340057030996114,145.43591140470298,65.71257540901618
304.61985740299485,25.399853797158556,267.408225048588,69.94937976774919
614.5626428614796,27.798453951511437,155.85521769088209,66.74033319125756
432.04120778032245,21.069806388269583,228.57638201174154,67.24424241201423
762.0379932420407,27.61027902502028,238.8301147019662,93.15492217413643
282.51256648759596,25.412665786761103,202.5309506290106,51.273302549282505
404.6398106301551,29.629920038589944,161.06213533934624,60.491025133319376
268.08411274435343,23.41872166038686,142.52887527421922,41.52202314723144
754.8161709671376,26.326218931339483,106.63787091248524,64.76162206607323
726.4036120285886,29.320281055100175,160.78928024814476,66.17327259399488
354.7649766290933,21.02509727990679,230.6325581062566,59.313707081020866
595.9904276205075,29.37228487236451,287.66096368969653,83.13668301050396
690.3333201207295,26.878857223008133,274.2408964526104,89.75586520324916
533.1204869596775,20.67837059105172,253.21295530706053,76.30605734878928
517.7903470136039,23.009635669468164,257.6894686506597,66.94222869759209
345.111374540271,27.081720886452814,232.99698069519906,65.27770517276163
255.86166068353953,20.673506014687717,152.0573715132006,41.899276489388434
738.3294547719961,25.821704601762733,281.439006141166,80.94952731973572
740.2508342979983,23.458830569529567,234.1464623811668,77.72221581869083
579.8608743639608,26.20915517767477,212.08812619608798,69.19073306829739
403.4178746292204,20.45742033812513,122.19789384269622,58.874433696175934
409.5257447675965,28.715368061523762,189.41110876128508,64.18671606861436
635.5734073221436,29.73488969177397,192.07165424038527,65.18653074023673
738.2661559715463,29.688778552856917,272.912721904534,85.4569516354014
732.2518545590704,27.49651831742925,209.3296440375577,82.29434825560101
667.9253275145743,21.30086240130632,176.08010979408192,76.35176087482868
585.2189876925727,27.582631959290225,295.36006570213186,76.33243197740703
250.48397899702928,20.245869164588015,122.14411866526314,31.088876532728225
296.9772284567683,20.221235515289973,184.5096856623889,61.04310917366196
739.1325131162475,23.236102191495412,108.40493503428105,61.71577298154383
563.857435795754,24.88643190404666,247.98082415338607,70.34181653788424
205.5182309699778,27.70407417807793,283.6153104398301,70.05861574223258
260.88292571961927,26.832953766065053,156.0074659100979,36.75747047985409
598.1010614648335,24.459027063767483,271.66833535982414,79.36658653381326
203.03695030773122,22.73626666281666,158.44364609237954,47.1688907880716
296.4848308504992,29.97124500157711,282.15403232878305,76.78659578197284
529.2402736199517,24.26181302235973,250.7923807193568,68.27607610465473
615.1371186156159,24.513870243296754,260.9813553682877,78.88944600286266
591.1767557015603,21.63623821191669,103.6013111200909,47.541886692928124
334.5615856763359,27.948095487499295,292.5620714148052,75.31255021014537
627.3075328085215,26.936822257814885,245.33419841406464,73.57779281732437
342.34945249808004,22.207696127887605,160.95021907722668,49.12062444243866
395.23981889556063,20.823810456158427,265.87893297176936,63.20664200133174
647.8948430708144,26.80499302074713,156.304239682986,68.70010669684703
589.7797394283289,26.54511214281135,274.5507679132256,84.99312763308714
709.5340462965067,22.73259526998209,122.5160780823874,59.22522787642056
594.567735380206,29.5086356225041,240.73719549215915,77.78966008733471
540.985162001283,21.510578917809003,208.13969532898207,58.5237510569163
256.20486069685546,24.32334801042602,119.30689403908816,41.23985409995912
420.6294818356601,29.436159201675988,148.3787656517678,56.492666556988446
359.1214206090353,24.197273169261223,102.48080725546296,57.359307269387465
346.3937860274501,26.385259476640854,193.75359309290116,53.190110962146875
783.8063328514673,23.975943979627942,160.25305215200007,77.09666371839765
435.8586348000563,22.7421520234867,219.67149685955178,69.01465500235608
735.227933106268,29.83977647959828,159.44756154172345,72.63329946571888
578.6831755983577,24.09334006315043,159.98382230139694,70.39400682800978
676.886782124989,28.940992036791343,248.63863974632068,83.59638983205677
501.5822558631153,22.299546058910863,109.62856719567068,51.83309892756138
546.1423307758155,22.131047040250834,280.57899903839746,76.94556804585501
495.51061629131834,20.311340828845115,270.45277487823626,78.69298979278837
317.1457926788267,26.51666825375885,233.56093664528132,69.112319325255
633.4712691569032,23.685263437237612,218.64431402147687,69.21826949435916
368.46341746451344,28.64358249839637,278.46049962793046,67.09752516881409
214.5895798588723,24.732099066915573,137.0660359057429,42.96784483338738
587.2833775443007,29.681934279147217,115.79383243816572,54.669377712996976
306.2664076442294,21.855255157031213,147.9020339819076,47.23149162419727
764.2751506117486,28.68623167955611,258.91565574003806,92.80728406663002
772.3571462015524,27.765968527917416,106.93405334529666,61.30746669117308
748.9186341322691,27.70921844644052,216.56136701669794,78.85236457910189
422.0952201532666,28.44783228116888,299.087503238262,79.10574733461326
209.27396991732047,27.61023990942999,271.1392187675079,69.85013996850341
756.9911375526352,26.262203216314155,204.2891378087179,65.44589143327855
456.9104889903886,21.312448776823874,112.72818185732847,44.93961463048265
779.9928914262017,20.32526179491252,266.274702877142,84.39249662696423
778.1719862535517,29.20847847815687,219.79570163544213,87.62171656448682
711.805673280416,26.16650314520738,122.98659941191337,60.16060649259705
376.6693352417514,27.96537290976176,118.77145696467124,40.27895217001843
431.05863716115516,24.815223515125503,281.92536388731844,77.51884140844996
710.6820029101141,21.173081889623944,233.84005258761567,73.03032519419314
390.1532030937666,21.251857922025504,265.8573598633511,62.28751356101684
301.6956480116555,26.855652872289713,275.79578005645345,66.42885770374194
534.0807574750102,24.303058948994625,214.35447040966443,67.17560944156759
761.6928644964686,22.005247267003366,203.48927035100826,71.17053017002092
617.6178780049838,24.915945467414367,186.08548206419803,56.53927442478233
542.0367020536189,20.64208937075134,163.38931755822387,63.0604503227648
258.30589626246115,25.819714019143987,186.91919217174234,60.23631829413979
569.0043360195018,22.689934044350977,254.77593114603127,77.84813349599287
794.0323100625579,27.975591006371882,220.38468620302632,75.91592158465531
284.05040914191443,23.103619589235738,278.50465799096924,65.99242914812581
510.99779141824206,24.552201490818014,188.67600287583753,63.44002640644884
726.4238431567733,20.116205399081007,221.4179157437508,77.33333627509171
644.4611706525227,20.72446887794559,226.26151061839775,75.49405718921832
618.2094445971608,23.92493556406685,218.33943246126512,68.16338499762382
621.4904503922655,24.799388347171234,240.52675461710328,76.22824199862664
415.6946907318531,26.000205481193035,147.48669367496126,56.63731699231034
376.15510655869605,22.916625787093032,202.47275550915813,66.44620467171121
685.6166932871081,26.949818861265427,120.84496056166954,65.24383583161763
686.0680368075084,28.601223971892047,176.90226552896252,75.08407912165754
720.2433911480622,27.7985098889335,197.53341372425288,75.53798677756733
747.9443315338827,20.396188253483572,230.4448519090945,83.77450972582716
506.8054393165627,24.80506947257829,290.1062105172407,80.72000481359306
500.90977681231976,21.04930178418175,220.13021330967118,61.380064588584666
678.977107380065,22.420450158625275,248.71878323531195,84.93602172630051
589.9783584666591,29.866625932671464,201.25321189904054,75.19660804582047
621.180126354622,21.42495542901513,226.82080627526625,69.51007914724148
677.4756016616607,24.98888153451356,114.18644322675469,56.82285463419155
734.0032050905397,26.18155734318119,150.8783161683694,69.18368776048953
402.7970941109215,27.02464970544104,172.37061864102773,60.49819036019357
425.3497715839664,25.59648683486914,194.4986710013027,62.53314494263157
256.3891639045214,20.097708474191837,109.12974910047674,40.24019737298189
546.9680845977043,23.26461308243992,128.00481951066354,63.53800103285356
221.56536427804525,25.177116433847115,155.36286155826116,52.63102942634369
479.3588108794761,20.878664991448332,294.30653818021017,76.80071011340469
525.5867808245459,23.506269312091806,166.26940142061017,64.77419593716586
371.92475127697065,20.332031087913666,196.4082116224165,51.3748209295518
554.4999563414065,20.785784971550207,139.2195425476786,57.52403586847221
218.30014996342965,23.96923276201596,222.15601421515365,65.48347953668537
222.40891324952867,21.327157540430605,156.13664310319487,44.02291804275687
693.5603363957949,25.67540848261558,141.39851568768535,60.11926625545852
416.11438484675773,26.894649691372656,203.31452568919582,60.018099619107964
276.23630759113087,28.005866991090826,101.10115983208416,37.56998128640041
513.3459560328827,22.0015024424481,101.53280652984506,45.04085114562241
661.9961318591666,21.674825822590698,143.81376182037155,59.204264548026664
329.4926164981059,21.045678403344002,107.34427250016422,34.880917481062056
573.7342854914002,26.364302495436366,121.60515082613827,57.08681721058658
251.2084789962608,27.064757264869012,167.77212986775032,55.96439886786762
231.0090327011646,20.31586144825642,260.51713591596257,55.96866766366022
518.8127789408888,29.3621224624369,214.40972867386017,78.12766355438555
524.3810729660639,20.519712836514724,202.53354519128328,66.22106284188186
582.4579408989239,25.412963353010703,158.69776464162433,67.50366327212731
635.6548002335969,27.090605194509166,286.35074388656324,81.34399393977317
785.5112476775207,28.709691237460856,179.40300824743832,79.82934202202617
509.7802089807172,27.140869321324278,117.4185533591543,48.82884345391983
393.77388376474755,28.01728083069792,223.41330322356026,70.52455683672524
677.1117168612222,23.39450192542806,122.76767869532028,60.39551833297142
362.49935075724454,28.148251137465124,169.04462856033842,59.51187509674354
463.3828524233817,20.80114846384675,201.4823877435618,55.36038830865333
247.07382880535957,28.948166560605276,274.84450493703514,64.0031796177498
215.2104460492745,25.475923761537363,198.70931606802372,56.68651060036388
777.589048806755,28.172977699624937,240.45175320633285,79.33337153187408
701.5880723073235,24.523182845183,298.56336779981405,89.87796922987046
617.5845236562188,26.43577695196525,126.29782397959633,52.67383168206612
445.3717666485619,25.26402660936113,154.9463051039039,60.45610346047809
303.9765920425075,27.31589521755332,178.91521511952928,49.223266506319135
293.8622256026516,20.816299820305897,184.36563570776627,54.66061396085215
350.1457388987572,20.603520839905638,182.20421505310915,56.826728986090046
529.5359988236723,22.471032340101466,281.522200511311,73.40853034155653
628.7575536200375,21.595446801131885,242.80652889337128,77.43868239490996
596.1184260306388,28.717835665922017,221.58104281814076,75.61480618016765
367.96033816756574,22.192139873580444,161.87454357255643,49.620669705770666
772.9191683979165,29.758652558191315,264.75807684425894,83.44289637708924
642.7381500174611,23.368957917711068,291.0121022969978,73.56958763751184
532.6124315068405,21.82117915688699,264.2396565100453,75.78140346741107
567.0324477406114,27.89698507142479,100.31302103829458,46.642428251413236
451.76003745667396,26.58707775500876,227.28027403668142,68.59141025398097
348.6385937006945,24.98195716453139,110.22707628842015,44.151538409598395
413.583607190757,25.553635509376313,151.52144406674438,57.99945608045871
654.7076662786214,27.192017782722637,111.90494006955434,57.77903083376227
208.63609317785352,22.284547413312985,220.75909058987753,53.1827968318481
269.6435843041497,29.96333916056742,237.31798269852135,68.0207977947261
227.60158521305164,29.74793162146783,122.89752761318103,47.06274166880051
224.43728139138207,26.503256863469367,176.76777660899592,52.97539165100018
713.2763504066044,21.99542450929145,191.24730179110838,72.76174193954793
622.1947156280141,26.802282424312914,173.8106043521833,59.36288811650027
484.5042974523951,20.721984089791757,124.2050000970386,54.228055766461566
258.7004963906009,20.30652502205806,183.78955803749508,53.16271254455115
494.9695250700994,22.576828885112135,250.23560956168362,65.79680412524131
484.0830624683394,24.626229567393164,114.2015329066511,50.04888780679614
303.9211219460091,28.682725054083804,116.03600281638069,46.5753438946096
460.31098954278383,27.271690697663082,170.95425836719684,59.74610883338006
439.102840638424,27.42706521199981,288.345142323785,78.94142393414727
569.5100588313298,24.254933344480754,233.71452934458281,79.54737567078499
581.0561905205863,23.45934992546963,235.73399133451295,78.08678991464632
227.1824058632267,23.710387629846025,172.383998167573,42.6100325704156
424.76756877588275,29.876495637360577,218.73215824170768,70.83677382123804
575.5159494285418,20.401091914124827,102.02623680554868,57.20989524412592
501.8817551480526,28.670314961224484,227.21920928190843,73.29438317838907
713.8939047129934,25.786754085723935,282.65738951524736,91.88131919317104
595.2161789713671,24.386154191895905,222.51469366896384,81.87889595284062
297.7606562488578,27.252576604151365,274.73971869326897,74.59147774697038
242.3412484402579,24.866689414247027,244.79461109321875,62.57939822834999
585.4515669237894,28.734232380816607,124.11168328073805,64.50079696797602
215.9067863249731,29.007018640112584,280.49066145716836,68.83852102112618
551.465348764078,24.217209268734553,113.28876887115497,53.70177005890188
764.1381448549746,22.768277972350518,206.79349450955277,73.48844557547353
545.2845067255273,25.92350328593362,128.42742475869153,64.44666274854553
432.90195572391315,29.12363345616691,102.34132214618081,46.04931329487379
585.9729310654119,22.106621890056665,184.4068520255278,72.02575680387022
474.95173429490995,26.229665835634826,159.00814153083124,61.08641072150384
527.3700735895609,26.315602200925206,197.20009875952059,59.46764820405595
764.8788852659151,27.33113022415281,215.43997734691015,81.14807661212191
431.66158268046456,21.3156768512726,108.74781446178947,35.867909048992445
776.7143382943485,27.158249646820884,124.60065902474912,69.18116225773403
743.2103851736382,29.09032520665641,211.7284792900851,83.36803983939708
317.4746808735779,21.79683108870242,168.63347063453165,48.11032670508405
241.61678052509927,22.375433249238775,245.8346975098896,60.58287427680858
260.466800826456,29.713950940416396,230.45832971838794,72.5865792238177
210.93309539092985,21.809769527094897,269.12087259798136,59.36258290028166
256.66577645355704,28.543850933695794,238.49856533384505,57.87318848315351
609.8040640498141,24.922778564480346,185.98621547802964,74.6520790346982
242.71318907613738,22.47231074403177,234.59332447888647,68.19384863395149
391.3853781762568,28.707499012725116,155.0762348510837,56.15982812158714
706.9251865816727,24.453052550026655,161.26269975564253,72.19555913367107
213.96316144149552,25.148173539296902,257.79703198415865,69.02436495651617
688.6810895533615,23.592333693997656,189.28390328031645,66.3828081278886
369.1128648640399,25.929508514349273,259.6760681036705,66.84710074188239
270.89889657299375,21.63523872585023,264.4844747336557,69.64414287425191
618.0422992184904,23.910815366517607,271.5124675322568,88.22012271203126
577.3657080679304,29.694123223352875,283.32704716824145,86.22456363283693
726.4832081162318,22.581334327011277,186.19704410265925,66.13861376874465
641.0426262823314,26.56736664541292,163.77336366422776,76.08343514667237
682.0885582309091,23.251900642246948,216.43974931882278,71.04579062334813
369.2207435427839,27.734731256866006,174.2344846875255,55.86915229310253
306.4637262678337,21.308736607183498,220.2148333600466,59.787705191478544
650.368850984515,29.698210450785446,241.1171725287649,87.77205829274048
684.1008435603584,24.53789541383639,237.68100369842736,82.0088014282414
794.303085200404,22.36050463346464,174.91057740402425,73.49934030050814
447.5706061468559,20.734967473300127,133.37204033975055,52.66605343140743
423.21085147566987,21.697579050875408,186.1058676924415,58.080434986635595
665.8477764451982,25.197739485560177,128.51882881638176,63.82107664419382
404.4821241518107,23.370031764312863,278.01940703676166,59.25641469170288
758.4543953621388,28.288833658826093,169.17549214757148,71.20476253656793
715.0476511058071,24.308875236618057,130.89194944466476,64.02763327748674
457.396416425011,22.4871427258763,105.08955198115018,41.79650467160121
650.5226406748984,26.1714498660403,229.16447725729685,78.03006372427244
652.7257244508094,27.067772168854457,227.38046349094864,75.43440569805674
261.8743213015596,21.6704190790095,168.1208333162583,57.47272778848428
741.53174400774,21.676192162883176,114.3423777695302,67.68344034954332
503.1514234687143,20.36671426933543,181.9257789790464,57.305924501615976
695.8744796646449,27.364020150656405,162.2434990126787,67.83572757104797
392.02976061836705,26.63804527621805,235.42412794700186,66.60789895447382
737.3139370977203,24.746308757498138,221.15584989053806,75.2554228411903
433.52100724049785,28.441704489691972,172.91874563950802,61.31879974950194
206.50259088817901,28.056701529500533,143.57851085099801,42.83949083643923
743.2291858515582,25.85354364396752,297.60719323111834,84.22929593042296
254.77200607168015,28.68271280513259,190.80032423922296,59.134112681331544
391.58818255424893,22.058412100367683,237.65484715604742,67.69444955690673
770.0371802304829,21.119196193977277,128.11059351567215,58.668015154656544
770.3642881625336,22.697496115169898,197.11793993187956,78.47753733919822
544.0627328739716,20.57086856089315,105.5073439738931,46.77324340175206
579.1023273018795,25.31169528001032,201.09102358208997,69.78058998758478
469.06731318699184,29.366056922949614,292.80348142354046,84.40456895784278
375.9264630188387,20.393435406685096,176.84134259716006,53.631258330820046
397.1987272219496,21.221099140100268,107.79920251498231,47.064193510891165
603.511073646223,24.521990282834352,106.19115818386871,52.20016262369197
651.424717662608,29.33875017527905,177.5973519893739,69.31750869293735
674.947426235509,23.161561049767506,132.00498729263882,59.66628461877498
673.7708856767324,25.072348086883924,104.67041926563718,53.96191543634403
254.72366182921422,20.41572859050392,251.24272279003537,59.24092123039731
496.6521828215489,21.483432009620888,191.70460177637813,53.76874529077247
234.53525600998657,29.86630122958847,157.8489543945309,48.522765401621655
529.7173293942413,29.651186964360456,280.01663660329615,79.55752337803199
464.91830082402623,20.049399809344095,123.22779204010513,47.82964196210637
732.6225096549798,29.51811785423239,291.1837657910638,89.48584873804431
410.5490075312472,26.391199378155004,162.79334347547058,56.366860450162825
270.2402098565635,28.67918294520022,277.6807344617363,72.06643592107343
285.7950092317015,24.547398556338592,220.58857529589233,63.62111116811768
656.9063790304833,25.155960285792503,265.34147194829745,77.92222599069811
570.9308379897566,24.8884658025692,296.8026326420928,76.27470362049999
260.67360567367416,26.668642575461043,157.68108756374914,44.87007084557045
250.46408366899846,21.39651254756313,292.2270970815186,64.25452083155096
620.5814788754719,20.29973589872678,177.8963789804841,61.92795095224502
243.65780381851613,23.07929941591191,177.10238094738446,46.30926861340817
693.1160355742138,27.04680762736647,168.07742085090115,62.68375580577414
623.7453362938977,22.018534521229483,208.28152146951703,67.1225582475502
248.80926838513986,26.734324333249173,130.82900863569742,46.52444973127957
250.90262845111516,29.699120461072702,210.74229707160225,62.442069304606385
791.9837471007053,20.939007157894185,208.3409624820008,72.70678328552324
424.56247745367216,26.726021182251262,252.380362520974,68.81017707492657
422.3852882401345,24.43750219304571,266.7299923875171,66.93392015932382
687.6797403545015,28.681422543775053,188.0882700624848,72.77208779794394
768.3491464303153,21.77149789447386,160.46664987029874,63.62471890348767
791.6006382937226,26.926259522261645,151.8669794634189,73.46546723082471
652.026911155365,28.381152896481105,138.92476734097437,55.019150825578855
425.75575131854947,29.446142194740233,111.52951643980498,49.62919447329455
250.10043001920127,26.83248028289646,168.48959576694267,52.88248143150604
666.288149556462,24.971747640084274,154.04953842615666,65.66117791184507
535.042549841483,26.17847240201214,293.2834771732815,94.5664753307613
454.5332055481858,28.68904984478718,211.54176525000878,68.87502303914059
743.8126310568416,25.706097466388297,169.4554078061015,65.57420190881182
266.7184893836908,20.30387059696837,216.0935201987392,54.78776872789417
495.57506257451547,29.30948695506978,127.8393402691391,47.70336404906109
206.81218686045145,26.895267510315612,188.80874984044058,52.32796171018971
481.1963851964758,26.765133857772465,225.24686428421276,64.92868508015063
233.7819654091024,22.15675152397717,197.77956635849029,56.88921586232475
271.29074976084314,26.58885470232657,180.35576013086484,51.11060545848172
270.5157480662629,23.938644056541584,298.7696777799396,69.41543844459018
589.5261812696381,26.512329770414922,276.0629524297854,77.72009877048026
647.626927559254,21.065930303079906,224.68119163188803,80.94107078826796
550.0212590582958,26.57845304603036,213.87547223645657,68.42302919482898
777.3035290847251,29.994137257706665,224.1320959649168,91.87122313014653
424.92234771422244,20.48212038860556,140.26242156448666,54.39628818699656
371.4272517691164,29.771741842213174,179.02754865286371,61.98460111069905
721.1594769136761,24.069079607228705,107.89190657817986,61.315278564198834
334.1575031116716,28.707534503372592,195.10920749736533,61.82618844217648
777.9335236643668,27.823854840582733,208.60491679153262,69.46402847292616
207.2926848138898,25.67016260986668,145.5499472206419,44.131880070818106
781.9272960245834,27.384492092513266,292.80576943310274,95.85444236737831
225.89594717034566,28.78515561301348,281.8909221874484,68.34608366536864
734.6858682188426,24.04140321651033,244.42864709118118,73.4506244883192
516.6206654517799,23.270331615632387,206.67732575307252,65.36660219752416
795.7788776715802,26.675933855635847,273.993831929537,97.45631779095274
244.27793884123932,28.078459419412585,126.13046876469258,51.77222209767461
532.3125706407925,27.622851347766158,258.101958854977,76.2714874157078
781.5815213714594,27.978136488586344,124.96416279336967,71.55201355230606
513.8587065020893,24.355833148129328,258.8421325098811,72.16163292360307
577.6391828811575,28.178342161750216,155.1535136502714,54.76624172570355
617.4492133907703,21.202090553706086,275.4181162036378,74.10961035775236
472.72463886066396,25.444890979608495,288.8084187650796,85.31162679949458
576.5348480504381,20.057586604981214,129.75919388102312,53.1898595580132
550.5885871538601,23.245858299002702,192.5351210130787,63.63440672064274
740.6948062945934,23.66461534871398,296.197475632537,86.75699182451828
227.26782820487472,23.961726916092555,196.6814871946293,62.49065530490995
368.57791375533816,26.954672066898624,272.709504502909,79.95214004259937
770.2468904459353,23.885581012703458,217.74630442626398,88.89707105663975
734.1582703345498,24.486936226225307,175.06598158392038,69.52316373470498
473.39405167142775,22.375441308743277,157.15671110517405,57.412655961614654
572.079558680922,23.7325179162934,140.64461821721744,50.63617308249158
366.4287097886796,22.272696272631514,252.35963827553945,73.25938402704838
312.8726958342568,20.731959237684435,177.3081013646056,45.711400824332095
478.2190429639893,26.03448593381378,202.25509244015024,66.17159496368352
412.0113368156317,26.682127985550164,198.46509600023637,56.7729820258266
550.1936671105232,26.194903460096146,215.45580584662625,67.09872550377908
246.6407821789909,24.634940438005724,273.1154291249104,61.42759776345112
784.6368845996999,23.797857801792297,296.1478687166859,87.04699406918716
791.7264466877617,28.633336495718254,181.5168417147634,73.38097250641104
618.897028411847,25.19081785136218,265.5037844212606,76.9545955358549
521.6578198064722,24.791818776297312,252.90555893094353,77.84390745658033
385.7165697717967,20.256420658064357,214.70579029111465,54.26406976406508
688.2770118241692,23.412478276261563,291.20942872238663,86.36268888215103
610.8387035323276,23.801956187858572,140.09490310568054,65.81875308138812
297.5701636069348,23.988227808969004,121.85284206192428,42.00768771638045
746.5563106963054,25.801723692273324,270.79239339108443,82.37255119814085
693.5223457539014,25.336025467268783,187.82996332674966,69.96438048362852
769.8799479751544,26.079050927934446,269.3937708414121,92.75032014378222
635.431705033016,27.648832615421284,278.618041039083,84.76981208120264
568.0491175614738,28.129857387160936,112.4915187238143,53.81753547028966
450.9458217743713,27.181230762264946,276.6929525972121,78.26989747385585
759.637090012408,29.555236959549347,189.66381107388443,71.05673668812646
719.638333700245,20.182325826763616,202.08649780084644,74.61470106640968
227.13120206371366,21.95777985683546,225.31850221864204,58.100727867954966
215.8201846983512,20.075628749781423,285.2765213460174,61.93062048401109
425.87802012682977,26.47474714154603,103.82321888595281,44.30052293065757
686.3319984690997,28.98030548949987,195.36869366356342,69.71336267058113
792.3656775889667,22.434822965762994,237.54440848611213,83.46126883766283
290.2501346621169,29.270345447963066,244.5413915396457,71.99832389865469
556.4784292112811,20.60267390289561,238.5064863074216,67.21017572115788
428.53451397861295,29.34436026805514,126.88702588162437,56.07298411997868
781.9486386887619,23.516226872396345,159.87911767433624,58.93441422912838
705.2713538814253,21.014208284492167,171.7431050834027,63.657756235176706
702.9972228266827,24.858717591863257,260.88744153590096,82.01294103421588
481.2158958769822,22.56776567720508,155.7519744829106,51.60367432892976
448.8917014025991,22.848729019619228,142.14099277344064,48.30352250994362
364.04424315842374,23.072899649262865,291.48960380761923,68.79005230469312
233.82529799055627,28.030258978326636,101.77265702269378,42.89802950165416
718.833425753032,25.391612766752544,299.56417113639566,87.98628526860028
687.7406054780465,23.113076991560035,235.3642597714791,65.49095321315488
799.8306039716783,26.103337833109183,265.69385988982344,76.90580507903081
797.9821022443432,27.161506742231936,158.92387926923863,69.0204441362128
533.2590233615765,22.72624000733534,102.863055533412,52.68399619914382
661.3924491083063,24.135491015253514,247.57390371230602,64.33555391670409
766.8594379294568,21.218860933369477,266.8289194001352,80.93138110646208
709.7884344064469,21.811493495346802,248.09522639070383,76.06147814948443
348.40886104591857,26.811178539649827,128.57005746016773,56.25025907569404
470.3264811860561,21.81438347695627,250.68558445139382,67.57941794276077
277.495649090897,25.2516338366706,253.7845564215282,66.2334346525721
772.4306163552334,27.090462617224325,231.70810313401097,82.6140033950829
563.704780670528,21.06876923094744,253.22318655911724,62.520098350221176
337.1856833020776,25.673122196289036,269.1842879355464,73.10997992334717
603.020410643514,22.565627837013636,222.7208228474917,72.14529908235394
570.8769442747375,29.6292687523758,117.72094279393582,60.8121236398783
414.8976308197043,24.835456467199247,197.5255619334422,80.75720193530569
268.1345553197774,28.059925497751582,115.529866934321,34.470252854097254
602.9439173556798,25.50226542156262,181.50860620648615,75.26889012694323
512.184620542276,20.43412532854819,181.42129782512552,58.52381709558701
663.3910350413836,26.33151375594022,113.20196882804831,60.75148950144177
512.098100667196,29.514033422066568,169.76410679389585,63.42939887250594
711.308900191124,26.016118201463314,122.19961975826297,60.27078822527218
531.1441032646914,28.1918885942679,261.6470420018444,74.55878894623126
536.5627829212317,28.84206463348408,289.53760519289415,83.84593455373887
725.992161595007,22.280797719489325,114.46329505158772,51.99179086987363
442.08971972743825,22.120448399082267,291.0230414583403,78.36220988490676
280.4091370703844,26.10980988850992,204.51531986734904,55.47857737159741
217.2696057880034,24.110284698067048,159.91313559077477,41.493578693774786
653.0823534041714,28.398613028667203,115.37241505523271,58.21825992167301
572.1857308120789,29.00023123398011,200.12485361408358,76.59204209929662
622.4478608595341,23.53421379302718,258.90310889814975,75.17723360983902
327.77849690534646,22.36870558974482,241.41729545333962,64.53722563910979
281.82288535206186,27.80525515243862,110.04520229279476,40.808067470887494
208.72679940072916,22.74806035548136,114.5803670735807,42.97457249997318
410.3525352839582,28.226143185136785,180.5746565265274,63.86352449537053
553.9506121127798,24.23738253648763,159.05809880958867,69.80221299432412
435.34642705983936,26.675498992914704,146.47686461120958,54.51286644232776
462.48495321423746,20.95535313834668,156.20089978174272,57.84601900262845
742.495216696249,26.23859324676573,260.69654865937696,85.03778461251066
408.9532802139802,24.51767678737229,285.84561072637075,80.42493779925326
508.39369349588645,25.86608463175474,181.0205389055133,59.414317416671636
670.1918076446859,21.680142077448636,281.2222004264994,85.72411418061793
437.9256693927621,27.36873744944182,164.2991402495764,57.60965380222863
573.252020136724,28.627970775432285,195.28739726875833,69.07903197549959
717.4182252480471,22.167398000907756,145.20579956319995,64.23680016718839
769.7123741945853,20.957145555201617,228.0952084351688,78.83826554831309
288.24408855742274,20.236385860463365,295.79622303496177,67.45988329820939
755.9525750968967,26.41971500443266,220.69861920867572,80.26829080368945
495.26977584772294,26.070940360887807,171.56281682270978,69.07836806165899
354.946632979375,25.466974127140702,229.56348919810569,68.83982160325137
475.4814537429568,22.319470961159755,124.58413569307751,55.444334042860234
788.0195451712863,23.909059959055146,277.73181605307974,85.24829256012714
495.57085639572176,25.94476335186173,200.61679015596727,61.03600664919938
397.25096617250495,24.967668588591692,189.8699484079284,64.12763485243323
580.0405125900354,29.877855202148872,217.17295769070384,78.08451124114528
344.08737126691585,21.36439752556733,224.9567725578805,67.68900262845402
245.51799686519834,26.951445540475937,114.35516124530261,40.124958255842735
277.32783314638954,24.043187681042923,236.5234442446805,59.849799294381675
276.8275033746635,24.28199614925615,148.38633606310592,39.70282742137894
291.1416161073766,27.175977656581765,242.79052650131797,62.40747468313745
283.2963035896461,26.924361513243696,264.50695887683935,72.1453654359552
584.5248468819287,29.912559937021882,260.791701510504,78.11480816792489
309.1280506394869,21.28394289454125,210.5001934815778,59.91291576054502
407.4003699943179,21.041096493841664,204.03397846215023,58.57325393541119
738.0730459436071,27.24338817128741,128.57519226788236,66.77551872180688
484.3769841577234,25.78386917006409,255.0692300806271,67.36732843136312
600.5346431126163,22.74160666559806,154.28187608934286,61.23467838543442
303.3919227209779,20.794193689889866,199.33908456358932,39.55737595280782
315.37341128520245,20.856582495964304,156.85481858550332,47.722627946002255
224.52116975988733,28.941908746641182,126.76567259993863,37.2084767097953
301.36103784329873,21.918673247187428,225.9115393783473,65.12234895153058
367.15420341917513,23.233715621155206,110.86640696458076,49.1433953179698
306.2062905660481,22.26656402226988,249.72904682524,65.40090196962025
253.22152025423338,23.549963058319374,163.51735905222333,56.39147363879136
272.3815226603605,20.694238427460935,100.02693860089707,33.571262148901354
476.46726081963544,25.190597909082705,202.22582784744594,73.24373934492972
323.8002310434755,20.676125635922148,109.37038170552063,46.42419970042232
418.56191662884527,28.003565078223616,155.2339115641799,55.646926010620234
502.05036251291415,22.33712081910433,241.39529749114322,75.37168235156538
614.2368971776192,25.400119146045107,112.53792432437317,51.15876846132964
223.58728390465936,28.80079087561458,267.86769847120047,62.281549844596825
679.6462393454256,26.50877369047194,100.76398453171662,55.16276285165918
576.7402336945447,25.329577865513354,149.36477384038045,58.02718360282679
249.05541916932316,23.243337531153756,248.1808112304143,55.85255275622606
724.1471744640663,23.33001913058198,163.25402994586136,73.56741828426767
752.523440319088,26.694869551981903,120.3784776132027,62.880358984083905
236.64677591291826,29.941393612211677,172.0467837600856,55.000249609640974
366.1265888883222,26.618391898493787,154.07865727690512,50.87614045409652
683.7207678758368,25.57783417370025,268.542380432111,73.87387178132768
648.9558142301951,27.30650510239246,162.66958351702863,68.09285995015469
310.7126116138264,24.65205612283718,257.78649435520146,56.32643741443671
325.6095940020262,20.60142342600785,278.3744289621469,66.79823192958045
422.2832616748292,25.6229681587791,186.76348391530593,53.43805875539246
490.7137911146128,29.5762528450538,281.9886287708784,89.60897766340258
570.9528629181775,21.753029423576596,175.46361079263858,66.76628740064244
421.3481837418634,26.900048908206657,292.81568329802167,77.44507814565917
477.5208296798887,22.009336886590564,117.8579049051146,56.30365444319042
648.4825628802539,25.358276844730813,237.40385330064854,72.53326672981726
222.00992173435873,20.966764496467196,198.76280809138575,53.992273674313
351.46216660641244,24.50370936258185,177.52976109112942,56.389228614068585
628.0097515307315,27.56163328895246,226.54237574972018,76.95882680372709
737.1241026123196,23.47571524238982,240.77141832686624,86.04787349949045
507.00646526939965,26.64911724487218,100.87265393006182,55.06308756110758
519.2680911591895,27.95449960789729,133.39061774943974,58.99563438764703
264.30320680386563,29.27177819479453,242.60921012686373,56.25213952691942
468.4474200940728,22.346420818554535,233.27708271564128,62.3370802258445
519.5703598730139,23.993159158093082,293.20950102573545,78.54659037565811
345.4823021808378,21.524160133304175,252.2075580501566,65.03178374612276
361.54593856962856,29.924835021583753,290.15454154626764,70.28890116430591
426.3704978627736,29.270009679242953,240.50810030696138,82.75142414599304
212.04271866663584,25.399571302805597,159.61044172788863,55.24498806379995
393.247499349907,28.420332943764212,121.07298445017129,53.953639009742915
326.8688041979268,25.20957977272042,256.36477266898714,67.01540023831613
396.4984113067488,26.235856880027598,228.8298442951832,64.86488237505823
271.8572790915507,20.891244321160165,109.63720247865925,35.095025828045834
734.316368443937,27.55270420496808,172.01009318019567,72.09319383036198
556.1554721324292,21.27713483635235,291.3599630968572,80.0052569523509
607.4613914866937,28.260676302525283,200.08022914204025,65.05809293488085
673.502743164403,27.82028087670386,186.54582720394092,73.28503441941406
499.06531935743436,27.087446977429764,191.5399210318588,64.1697738714103
252.1521728524542,20.361603805247622,141.77654480103274,34.0304931280147
522.2639250911286,23.031283559453286,173.74143417295903,56.468617211363465
552.1046708125275,22.63112569910843,173.96265119743532,59.68923226447324
647.2636845105981,23.601364074715192,110.47100403749448,66.06045471757817
458.9957277378076,20.876427467638386,253.51352570358364,71.69548006830166
276.5481816773382,29.36957823031063,183.3008863807758,49.50139931689682
370.2655434792347,25.538022407123762,264.4359773632847,72.22901323502452
417.84937783918105,23.055243106580235,270.0696002239791,63.32104106642041
587.5503447989607,23.969815170742834,142.39881093973162,64.65717980479923
542.4669828013471,24.472025405048356,231.4706964340257,68.74687576109734
413.65803553870774,26.005943333606172,194.45636083259635,60.8501606029056
791.9091492757879,25.156794276964977,276.031347584297,94.804127912566
563.4648916141323,29.193919732144174,143.14813583529082,55.091350036224156
342.3360750415967,24.9696348290583,235.56264006200885,57.02402898283521
261.06948357224223,29.921580148233126,221.5504244505445,58.71029446768121
291.7154835105992,28.514249577450958,159.06029551436654,57.82810766914611
347.5746370307049,22.085105143573358,127.32018073023453,38.65534529952318
296.4088239557334,29.30595214643916,230.32795209545532,49.82833906985828
311.94021443078344,21.16366397885476,247.71949162646615,60.07793641646912
371.0571012163083,28.174497084911916,163.12546875267,58.97450661205459
304.0241571768529,23.806232934765802,228.96652080446276,66.79099291729715
738.0592547758552,28.779743204450696,179.02618152230065,71.32833653162272
248.14024739698533,28.680566901074503,242.64137665652353,61.473023499422624
514.7068337421529,28.059254001176214,139.8430549788106,64.16978766849218
446.2380961937969,27.900304363070614,278.0430005272349,66.94744804620237
789.4271701451638,23.04679139098041,157.48191929311594,67.08484565844714
267.2233413008314,20.809192830512522,173.5571975512306,50.160148432650644
438.71335942744497,24.029801787651614,111.61839041606996,50.95526761852443
781.6822599652213,21.735245149865086,122.30244246425528,60.10477039221178
719.3042755363881,26.949510889024616,203.17238054246562,75.58993969476933
690.2432425695679,23.460997265377856,153.5185353455943,52.27247159678362
354.7416962269639,29.75610200859915,267.09604514843886,68.81649376483463
302.5325524340395,26.40972077345332,102.93867773099078,45.655479783854524
601.1859319546586,28.22480563634361,175.81880973438723,62.44367194887719
757.6255934765514,21.325246727418484,167.46910935381854,68.51545928653391
534.0577358083578,28.620144822726225,103.8655261835202,56.34858775751157
542.9676136819398,29.227571905133942,124.87367980010205,56.273553656084445
367.9874561961705,24.87061918818936,182.72853498372706,57.90346886330235
661.6957599151622,26.062529377509776,198.5729168894893,67.0776227301127
312.22624913451403,27.648098009029955,180.85794945097382,55.17354478996437
394.2075418425462,21.748386272604126,206.18753568241877,62.79654463757325
455.2618631698501,25.025660764634424,219.0263349811363,66.86468603758728
504.566227210673,23.98663027772313,101.98476422556712,46.93968554107618
345.44583944904815,21.46373992162249,192.81903189070078,56.7400143359945
268.90209484352215,23.675344222915314,292.69984817751765,72.4393165073008
566.3720254649795,20.681723093854934,203.80645602590974,55.38517688591122
373.17833194415346,20.25811906949487,235.50845349179065,68.20364306801115
548.7429328535674,21.351662891548226,162.37277158337665,57.43535709317277
292.6176291645214,29.63115111589174,254.7982756305525,69.83058684689993
488.6840611128905,25.49529535895017,254.584296375223,79.01841873439531
519.5536595309516,29.6582216115322,204.25920953082777,62.35759229162922
231.09412209345615,24.32497878330132,295.2027646558427,64.57196183995771
401.96256691635233,23.118161330852594,125.11004295253068,47.27316243866673
280.64880616338456,25.061418628402443,103.3895329779162,37.85246576464213
238.02498228366065,24.395116886329102,254.0316423514192,70.93749865504081
793.9761394339671,21.05664684261744,261.4311074729765,79.32383933474165
393.4123069848338,26.408263146902062,124.04144582411524,47.40993314371754
685.9246675127808,22.160381825095996,153.1165665917212,64.7226459423419
352.78439285825834,26.195879548978297,103.51047267332578,39.344726714335735
608.9016333343575,26.502010923981533,158.66172215611294,62.07812665239884
656.136715933812,21.52024853128648,254.6283747837343,78.9391402799354
557.3832443647066,20.613496271106683,203.59210554251578,63.53794134671708
482.94571313009504,27.8076158606844,169.61911863365762,60.97833154216334
447.10454848836116,24.598004237693203,174.34785898126606,56.14850276709842
409.3209599257972,20.58163795505476,100.27072514309363,36.19007839562495
757.7174865486955,29.94866317169767,159.96010551304718,73.8798792486197
698.3716446726376,20.577805609963665,229.2917483275861,83.44997676025783
779.0161463999076,26.95035228858553,294.8388887632714,91.64869869755553
274.57833409132684,29.836789252634134,269.41216539677987,70.42335231098828
638.5204851221865,22.391801042159255,104.71899292910582,58.14736274513319
763.0042740926227,21.422493686871963,279.71212093496786,78.98383283333978
308.7398396993961,21.21384939422429,256.63968265972517,72.08642891411722
239.8977604200665,23.032751475675955,256.0752247141961,62.838488991451655
644.6723895740354,21.010458110106466,191.5991518007143,75.292327714578
544.6838679079472,26.92161341694132,179.60105859090055,61.21531657749782
705.0972660549633,20.622917981300628,160.58314576663852,73.75542290876382
283.8634259757737,25.094221281497898,113.13897179087316,47.25769304673457
677.1603871159341,29.96696853852977,145.6470726987398,69.678857941828
320.9763920286467,28.139702695060187,149.32072699560493,53.29110861928846
298.19356571942274,26.152194382310107,196.81541394204032,55.89872825909678
298.5594787585958,23.062536207866117,249.4888813193388,69.20589136533368
688.7448321388292,26.238958362916385,194.7619656795893,73.20926250448163
599.11833241772,25.270414639116517,111.56888988943211,46.02696704565776
513.8392548614715,24.260833838903714,291.5579601976408,73.2578322189122
415.29829047410146,21.307103767401994,288.5448638188225,71.74869469126489
726.3203244878649,28.866042152404667,257.0379086296817,86.47811948123744
435.4670644535812,24.497846488213227,298.2655803128441,76.57428507349832
689.9596636829463,21.94622511820765,208.8964665600526,78.19544555121864
463.4809451421311,23.677593508772897,292.55367005064124,66.87333509835204
426.1666576549445,24.14129752528927,115.12100812335015,49.517535722399664
477.6078714017639,28.275378955668742,173.13614965227427,52.95006855037717
380.82672449848525,27.33614380561402,145.07625360135316,57.19475478093164
648.5656281057506,27.693048936413398,139.166616826854,62.96115343789615
501.6322340554875,20.110312644286473,128.1605897785352,53.45361527569226
339.3276170880904,24.161539981797617,224.48272831319935,57.42302311663326
739.7447439647411,24.813441516353237,256.264371149461,89.3148349991095
430.33473282392686,20.191922768230565,215.65967988407215,66.88611827680049
526.1317166683932,22.59813208745034,129.39254191764195,56.930750721911664
743.8832665787281,27.60289823122135,262.22475398669417,85.00319646556886
574.5427975483952,21.37109705728999,227.19094143274572,72.78229777769731
270.13882442501847,25.353101314525915,177.6331412253991,49.127922109589406
763.8992741680851,22.152018720172375,234.8260591072126,83.34886936001227
576.6248318428507,20.121207746438934,151.98099584856658,66.18227177048198
400.9433687942517,22.412014575995414,169.03844169884212,60.19376255208957
283.5632435980324,29.758737549100537,283.49716862639804,68.07433521830428
676.4151135621776,28.015371118829897,158.10090113428407,69.38804897029316
572.0436535571081,29.595766443210334,193.99765363158733,63.273146334155385
520.0766551857929,24.878540439263624,278.02822747920294,80.2963761487487
736.3355498305746,21.097361986775034,241.5442700535055,80.59649675762654
673.1583267347185,25.47959488973693,112.44064523294055,49.73110509051115
291.0049278396507,24.54377334559961,129.46060885579408,39.97663322975309
387.03324067732893,28.443570827396158,101.56831815438336,46.367025362969514
349.09348388867943,20.980825807842447,226.18435804583268,58.97558981142341
646.3677755436062,24.88241137021778,189.53468508208368,63.16697592909344
220.11946084146763,21.50048664693984,126.8549701804551,42.67820959565179
541.9338109227899,23.2467592689006,291.5868242113541,80.62079967465763
657.4752114444143,27.373570773877997,205.93194478912397,72.64159698057938
726.0593820570497,24.760181293687666,148.37865882257785,62.37632538108945
405.2490492295445,23.75888285145769,200.12071423094153,65.72693444678043
692.7543828032077,23.94476278570035,235.92406654702157,85.74267853104323
266.37904217312433,24.594467684059865,115.24784359471289,40.281211417335136
707.871375040711,27.850165438370567,154.9407630095784,65.20523413031344
276.49319739918946,28.920846889402345,261.39309817679873,70.07723908318877
438.37237433622033,29.55334686503928,191.93297408053223,62.26670230581729
678.3772194677322,27.86903386255295,209.31542840645898,74.55683735389373
289.95045640926423,23.154068957480128,186.56320044189385,57.17320545576608
337.5508371395849,26.881347060865423,108.77998852860102,36.40105956385634
633.3515410358398,24.37603124055392,133.1499559640312,66.52368540463397
632.0219219276446,22.54670622046051,189.10832774837817,67.53855239328553
584.6885797311784,28.408715794259226,141.83709308158558,59.65087090522961
616.36906668026,20.38426348962325,109.99580573193575,52.93852084966746
525.6346660085577,29.017619921354235,268.72993281036474,78.55759528981214
351.07943534417166,24.61477464624734,296.2385058328232,64.59181155921412
407.4175961023517,26.372014768082806,258.6285747993479,78.38889006211211
308.9586300808554,26.593539222057828,270.7569843409334,69.13464454896202
745.070336800177,28.951177407065366,148.39542606340908,71.64784447799452
550.0350768596722,26.366696821672072,292.1253951026399,86.39797928565632
440.5108500581839,26.13933584760062,139.38514089068568,49.10599435668908
477.2034821864796,20.6665204056069,290.2859620723665,77.39830533685443
768.3700037670892,25.184080219452042,298.9638587931902,89.35162164683935
292.0108418696481,21.501690008170417,242.34456114920974,65.1669857281521
551.7378992100784,27.374337687214854,296.2287463583644,72.29229343272922
503.5332073306796,25.122219208126744,213.90795591342072,66.80538170391
566.8725412607887,26.802277792083533,151.90835663521807,58.52841854204458
210.86611029250432,20.416729006023843,187.39917713312417,50.955873138453875
723.2743453664909,20.84792016045803,218.71218707575719,76.59677490913904
759.2709694901674,27.163233880626823,114.616312405403,60.32309649468311
539.0799101535254,20.720843359986734,224.4686529234492,64.10513103977021
617.9904943261354,20.712567277652585,296.23556735245893,81.02916839971917
753.4996287063774,20.121084752348875,138.02152995674552,58.43265435660021
624.3431805880391,29.5650139829948,258.5190232576766,85.70050757923056
291.5234257485568,27.37508359459007,281.5797587559239,68.47691499784766
545.773016100088,23.53251408502064,288.7403185640442,64.72653578301433
564.0290278297135,22.965355812876552,292.02712088108944,78.27033244996885
454.4784027814316,23.497032297458496,204.29192774429438,57.728425547156654
641.8665413748337,27.74653531181182,295.46158159830077,78.48544100452082
760.6202088614089,26.613706110704143,251.46204142688777,77.92520504379914
755.3411077440658,21.851955678674678,132.33428724739238,63.72200316324114
470.5036228424793,21.741093353340844,195.38002129359398,67.81500826098393
267.94282750445313,20.983956497133974,243.6662350744008,61.423944628943524
790.9047193774007,26.603027197013382,149.46806316381668,66.98569762679786
703.3388518675605,27.643726622217358,228.12303670977747,81.21776653035296
274.7976087219601,22.65046428325004,233.32009580932385,57.28474573913205
752.5051295704234,20.20944961030913,132.53994876171316,58.633865417443666
721.9378172372769,20.821716674764275,213.01706249055127,67.55128872676741
511.30283427564325,29.678600348450303,254.32538219572155,67.64893687569554
554.7652614469575,22.954447774774202,199.7791329071884,63.98053052602386
439.4016223220782,27.692231478381338,102.42062335522148,50.34476473279581
232.8569832932188,26.24663568854264,101.80769381585844,39.85029646715865
401.1183449875406,23.81939639652896,171.40586879400243,53.967417316782566
681.7120691588068,22.056872621955552,285.23881368635637,78.55969808899516
202.77921380276172,21.213864181594065,145.73535592072176,45.74102140760001
400.09950301468655,26.150129680388666,226.87273777433742,59.13930899523835
438.901216154566,27.74633780637788,144.4151741386641,59.746267020026366
522.4373617627537,26.439042535411307,164.33399793190972,56.399934586909765
751.9133698476563,25.303021332491582,269.6084179202968,81.93743409468055
407.80759661957677,20.41951223431636,245.77228845398938,58.09592852039291
408.1719211377366,29.68488777594384,119.07985546264213,49.4927770960439
642.500748865849,27.987141916545745,185.74040419728672,75.22993802654432
471.3307645338843,22.928220367009647,105.8339527290529,51.063396153138875
334.76289376398915,29.799703293588507,196.1780293206018,65.58915268494312
471.46370967961604,26.018815896363222,232.48680234021361,71.95357100570429
284.5142122278799,25.824226582072463,123.70052471963031,39.91183400365138
305.832191903734,27.480731794295323,157.77698778183313,50.734328798363734
499.02066364368784,28.117697880901375,179.5673251004314,59.865548393765735
451.3552697027287,26.564786073315027,283.9062049312099,83.23188769197485
748.90754064086,21.280957463662,298.65100308459284,81.53858333438897
417.4363394699799,23.382675059944983,108.98225979912317,51.54288603158022
548.3530101668262,29.280836403260498,252.2015846990784,81.79762930403494
579.3585727517182,22.24615611843852,174.34481328046866,71.82185958178258
207.85667395300018,23.721670238375133,178.49163724589602,47.27258172488201
598.1224232100263,24.32076882944196,250.85299466940455,79.70691822437772
306.82158012185084,24.394049896944523,283.68528642908177,80.87034529009722
776.6421904816731,26.129395824945256,290.18571890050964,87.18297456464204
289.19763665186775,29.430758377447077,215.42451720766417,53.86483683603079
448.77447423621425,22.40692711832505,171.42423186010058,47.70871984991987
251.20980084718633,21.215013763009182,257.50981717175586,64.967433011763
798.1245511075684,21.974704898599374,150.20027665246005,58.22409544103846
501.31700619874556,28.869249002092694,212.81480576670356,67.43485524952136
557.2310103920263,26.458108126552062,171.71569230497465,66.10802507255329
240.24588643305648,22.8590678923916,231.32621474157523,58.950086088143074
649.9762822395066,28.159469389686173,148.07978257870138,67.23392463111803
325.94335585735143,28.61369996363436,138.31858914696517,52.065191863523715
738.8325736644282,28.46514338690278,283.64781733508744,95.57389064554889
323.0837842892043,29.189265336395543,120.36073658990738,43.729439158197614
314.41263239819995,22.522410201733617,201.19158154698633,52.88371295672346
221.92980070885693,27.550419287462784,144.17055659260177,43.16972986336809
483.2401670659996,24.6053949727414,107.78599266513349,54.4117016253679
538.9046799575699,28.419985528900614,107.20376365828528,59.19073600636127
239.42518365701142,27.284906771616132,135.04435442116545,48.46073116901749
665.3165700170064,27.764474464997246,273.3540709012001,90.19192644930826
471.97330084881656,26.561618376810713,156.49574879540535,52.40006104246799
514.634161596548,21.77428769469707,290.09183411505916,85.49983475569474
464.4576481629369,25.450269188969383,216.3244585978387,73.9133293381362
440.4578365251956,29.84669739524508,187.3228379537532,67.30286757744659
535.7841987849307,29.37388066497119,216.01776693389093,80.36735593431888
293.1441475584275,20.431737357970118,203.33967704525355,46.20264383551833
309.1568782971627,21.648148157294372,251.75525075146504,60.49621095766963
717.0713726081103,21.31728773454562,156.49921319457044,61.27159222082759
767.6692772801796,27.259799099852955,170.6100783200605,76.26155891791475
423.98558976785176,28.177853298569453,278.81886050665014,70.43826094784254
362.4468038861323,22.13511366310672,289.2913026300811,74.96011149450892
586.3997259434095,25.05852692951829,278.5116454972949,87.12053274002515
445.24050265885785,28.407030280112,183.88959879146273,65.91329259356091
215.23181339620692,27.328015447662505,256.0731006013763,64.83580201295973
293.6915584197142,25.422372054918483,195.26714666021977,51.35179086426887
629.5833373084386,25.903476904587727,199.50797042922045,66.41736036884642
595.3543651460908,25.083605469162798,140.93602181145678,66.25283568554315
216.25759550209008,22.975484513188206,218.22606065170328,59.066248645278684
333.18329715976967,25.65021992859016,137.22717955066958,49.106443179257596
338.6448779528429,26.888853020500907,166.31293981343876,52.53650017360062
603.135646159237,28.733229158608076,271.006040323987,71.8872300245755
211.8263226526185,26.36291353979248,141.41516184217105,40.148813212883695
262.4651491907443,27.61121537043158,114.23165703468656,53.75717918079032
679.9496512239136,21.60071634954573,113.80151852256326,50.826365782056136
307.12679723260015,24.6155747441979,288.15690410062155,71.22535145702139
591.6476647111249,20.093316198270934,201.38408759236694,70.96672931223858
342.9096686280359,22.46678864521623,181.88241436340365,48.20420874675026
259.6648356556071,27.264617151130047,262.17571620158367,66.99527352104529
345.90331459967246,29.918099513493637,267.16518558210316,76.55134781695183
633.3601591133954,20.99178099587216,166.43820662312092,62.9577025650635
713.4178808637714,24.014943158612883,238.72361149475904,93.0962381322663
698.131918740195,28.000709686991595,254.2245631703773,74.51639074296838
438.3101177710729,22.040356346288988,230.93013737319092,70.68978177401435
600.8510819423877,25.550849493022863,130.31901496001987,58.04839653052988
322.9905772494926,27.330712960296747,275.1766167034114,74.45414414585284
375.88863815660795,26.15985450260179,207.81891054720174,64.11083056840188
737.8014911126719,21.88024734615416,156.49448527400074,62.448599857749485
207.80115410644163,23.553845686857393,185.04563708753878,51.34618110179962
251.30511851268085,27.837917844853973,107.51421807978147,33.592580902395405
324.7317530876164,25.542265141320165,125.57336024448351,50.16687074782625
215.91932232429184,20.052296135429128,253.10935010317218,60.125345419657606
308.86126105387837,27.609907600280938,100.00232695107323,47.11404488820019
549.8249365818153,20.35311354940239,183.31316569645844,66.99243207281856
452.85473035549876,27.457337827312323,204.50203621711768,67.10199654422355
735.603026646185,22.024805601652375,110.92688400019446,60.01848412585937
690.4661370430645,29.580734801193802,294.61563259446655,85.15408956830238
405.0904110187256,23.679407513020845,145.2250662499344,48.633917067806436
355.6540600587755,23.26931616338079,160.83974392725617,58.247386790354575
427.81544490036015,21.488880503324445,160.78850245100546,61.305898494189776
554.1769655088847,23.056042154902148,146.08333242346998,56.7226515952569
360.83818449372575,28.766507618282006,100.29476441726229,46.96766034957395
574.4893447094804,29.963343376272473,245.86895881759926,73.31485176181376
445.64699131474424,23.683095305068484,293.36909995985707,81.90488605594665
531.2283085111881,24.486106309545427,144.858696657009,60.99668474318502
461.67591748119,27.220709382027373,232.6094383606845,79.39696526488544
376.6794557251506,28.861957804650743,248.37926539174302,65.24962733465924
769.071984177294,25.930443341867843,269.6850758181049,84.88386724983711
658.1634764958565,23.915256981778292,184.52583940272183,69.51179877193736
284.06790545987155,24.12621840848624,160.58618112808585,53.158822121328335
721.0807855387477,26.95618146496807,165.05902680460622,68.69745613348351
492.4587189497082,20.032182636042787,242.52426661970256,63.73149288030088
736.7313361364548,26.195893374598406,263.3558933011272,89.09721111000418
679.9131535683891,23.554930104413575,136.32279355132053,65.3835800508097
455.1281026815401,27.94197331277084,174.18820163155306,56.517167836838446
213.48158499207045,20.92990639823132,280.38803934983,69.9326271466236
361.2064156309676,25.882022669483906,261.33870393894784,75.02926936375424
524.9805287965202,24.809728898861238,296.9716805524952,81.10229306029078
580.0869318956884,26.423255259052276,250.84965193641614,77.0828675336015
354.7326112599214,20.648535944829682,178.63904020558445,56.144570903711866
283.6136444436945,25.799837874281312,218.12756679892755,55.235068170874406
700.9581420795795,25.614845879595237,232.20285084946406,78.38781823418034
790.6413084221313,25.60660094416171,115.69116326342478,53.581369669850105
515.4141093816115,26.034876665964546,208.89939182077302,71.95467737547382
303.0075715089821,26.764679372263622,241.86416569452192,56.65126922568645
363.38439591162137,28.0498899968077,133.46426080021206,58.902048096726276
211.03440592848006,22.698207201282145,256.1263434851114,58.828651610842954
748.5792839362994,28.25049410180062,216.75455610282233,78.34831632429982
270.6506497340847,24.982556822634535,290.44435713951896,66.24354412344942
545.9098853085521,20.770582791343312,108.48445964137834,49.13121966374444
364.43313241232363,20.58550929243979,153.06522751109338,56.981071724361016
532.506801509476,23.342383186960607,220.31077585996482,55.913275068874725
590.8522330111185,27.848969771114675,159.31198244118613,70.6250954797324
697.845082224321,27.076809347409156,242.88483281424845,82.28273122506414
323.85276305636194,27.886149646724064,251.8010565043862,61.42085054666077
206.5974971950883,25.172690564416094,120.50319281329489,36.06643118320123
282.1313780412844,24.401989979554905,202.77089284135354,64.72404817162837
740.0111851088631,21.47452526706284,201.77811111821117,68.02434483261024
724.3340465375092,23.281927536093114,173.85615404310823,63.25418893664268
558.447861302185,24.340193661738752,286.5849725139344,85.61634923804446
560.310116260192,20.886004296796173,265.50126397464425,76.46196120611158
599.0220047277533,22.20611952711211,239.44187638192736,68.51120547998451
305.22276717406976,25.982252940637387,242.8653271469995,65.31118640041825
748.6471675549759,27.356631142391898,192.34322876262382,70.08258628382636
451.26231493524386,29.983475113929497,284.1989042193152,84.17452029077775
429.88311694969843,29.33113331343558,238.91908545065706,75.93872230801351
511.35062316970254,26.425651995351913,245.79621233116328,75.83887896778346
228.17958006503304,24.21248053294072,272.33818075746905,66.3137039422212
299.77002125364766,26.361773647082327,154.8143178684382,59.8359533429979
642.8201698558223,27.85651618080232,261.4141807733406,81.6372752556565
249.6792007550759,21.183361909233874,139.0481205912984,37.64503263733412
561.8912656798329,24.099048896962884,169.06839044897757,64.54270809687921
347.2094658087926,28.39802285635617,167.12209085396853,66.42574122194625
433.5773684251859,23.83832951933044,295.70509367782813,70.92805903435067
373.21624206241995,25.718722712271866,271.30744474958533,69.24868618882779
413.40362987896947,25.877693608621982,240.23397231805194,70.18008739854702
631.4275431105473,21.844762531336393,245.41135232307803,74.90613784665675
378.27302937390505,23.622354416522885,212.41455888051422,56.254999755060496
539.8427841781383,23.345112887419322,289.4181334217038,84.62278839398506
485.6302413194598,20.26196708532065,199.25175057647232,73.07035610052792
598.2026992175888,20.241917638913552,176.1035419739789,63.46944714326805
762.0978435948548,28.316970436757735,132.6070673863182,62.84481466511656
639.5432583261502,22.730708099728126,257.24113045221156,70.06152213544723
328.9642271544541,25.180787662388155,246.8887864151183,66.59023955198471
218.7098810367708,22.98725573588773,176.87100770482698,54.5907865553088
357.3584265798951,29.406792451153407,105.03868279184587,50.07005368514164
557.0467584201529,22.592967588657736,267.79946554360214,75.9955515169468
230.8554880905502,24.29656812738935,102.28359669081473,36.20834164473129
497.8197483207418,28.72730250484602,240.7399559258102,67.79934666101836
558.1057093501336,28.419335667918087,294.0514219452114,87.65729969816233
400.5463344901765,21.861014178462774,187.53226562964068,61.837159838058746
662.5473222474932,28.026433097957103,146.99468099919056,57.63830596509891
263.9589518802631,24.581868867378926,240.97420200867634,69.40280458784274
245.08266904148525,24.829688720853554,263.425628403117,67.08532035910909
636.9132537221619,21.33479972415944,209.28606321556947,76.66829269144654
497.2947897237191,20.806015137571247,293.40705505122924,69.67582018675031
613.0414378566416,27.27939306973765,110.33374433159221,50.6102342287699
460.89640316224774,24.964611523552996,200.95911966090563,62.81364444092106
347.8412199434641,24.368507026151796,243.69078946451,67.60229356758212
691.4613906045198,27.295082286523968,272.5280942298358,93.89652324520536
679.6495273813875,27.6551289899111,135.851122381558,67.68712141551151
616.8178825126561,21.589081676693535,260.00069635273627,75.41286237537264
363.2870823379776,26.10225149477641,210.54141514370906,56.64220042361185
554.1384001214523,21.353540822776857,179.31073639799263,68.02427382181884
416.5843381640161,27.513750860290457,126.34300571581872,47.29954777135415
254.94924399598048,26.569551562671396,273.0591517817825,75.24091623857105
750.3881452773456,29.56614621083458,131.45464163594306,66.05148653495348
282.09117855137686,20.689580163564212,161.95757184181986,55.94394137955583
770.1424122924815,20.570547211512544,158.00910639248738,70.24404722777629
467.60346377477345,22.821870746932,274.28280683817087,72.85470457766347
