Date,Website Visits
2025-03-01 00:00:00,107
2025-03-02 00:00:00,98
2025-03-03 00:00:00,109
2025-03-04 00:00:00,125
2025-03-05 00:00:00,114
2025-03-06 00:00:00,114
2025-03-07 00:00:00,121
2025-03-08 00:00:00,117
2025-03-09 00:00:00,108
2025-03-10 00:00:00,106
2025-03-11 00:00:00,96
2025-03-12 00:00:00,103
2025-03-13 00:00:00,103
2025-03-14 00:00:00,82
2025-03-15 00:00:00,82
2025-03-16 00:00:00,81
2025-03-17 00:00:00,88
2025-03-18 00:00:00,85
2025-03-19 00:00:00,93
2025-03-20 00:00:00,95
2025-03-21 00:00:00,101
2025-03-22 00:00:00,104
2025-03-23 00:00:00,101
2025-03-24 00:00:00,112
2025-03-25 00:00:00,116
2025-03-26 00:00:00,119
2025-03-27 00:00:00,115
2025-03-28 00:00:00,111
2025-03-29 00:00:00,104
2025-03-30 00:00:00,101
